{
  "project_info": {
    "project_number": "335909457444",
    "firebase_url": "https://fast-aid-80b5d-default-rtdb.asia-southeast1.firebasedatabase.app",
    "project_id": "fast-aid-80b5d",
    "storage_bucket": "fast-aid-80b5d.appspot.com"
  },
  "client": [
    {
      "client_info": {
        "mobilesdk_app_id": "1:335909457444:android:2ffba481d307c0d76cd2b1",
        "android_client_info": {
          "package_name": "com.example.fast_aid"
        }
      },
      "oauth_client": [
        {
          "client_id": "335909457444-eg70p11tgdsdd5vch405b3os2k0bjlo1.apps.googleusercontent.com",
          "client_type": 1,
          "android_info": {
            "package_name": "com.example.fast_aid",
            "certificate_hash": "bf2eee418c4738d6020800475d2c0fcb547c345f"
          }
        },
        {
          "client_id": "335909457444-obcmbdbe3mtiu90sshospbrrr6tgu0fa.apps.googleusercontent.com",
          "client_type": 1,
          "android_info": {
            "package_name": "com.example.fast_aid",
            "certificate_hash": "c8091123be4c1e2442581e7eb2aa0ae3fad02261"
          }
        },
        {
          "client_id": "335909457444-sui4ogrr1etleo3c41t2fd821sagr8ra.apps.googleusercontent.com",
          "client_type": 1,
          "android_info": {
            "package_name": "com.example.fast_aid",
            "certificate_hash": "4b14c8330c8b6e656678d2563d81408d76b93af8"
          }
        },
        {
          "client_id": "335909457444-qv4cbs4gbe3ekm108fqp6vscdo4jaiuj.apps.googleusercontent.com",
          "client_type": 3
        }
      ],
      "api_key": [
        {
          "current_key": "AIzaSyCNlos2g5u6bNmrqLmPhPpd5ZdhH8aBx1A"
        }
      ],
      "services": {
        "appinvite_service": {
          "other_platform_oauth_client": [
            {
              "client_id": "335909457444-qv4cbs4gbe3ekm108fqp6vscdo4jaiuj.apps.googleusercontent.com",
              "client_type": 3
            }
          ]
        }
      }
    },
    {
      "client_info": {
        "mobilesdk_app_id": "1:335909457444:android:3dd6ef88fe41f6156cd2b1",
        "android_client_info": {
          "package_name": "com.example.fast_aidfordrivers"
        }
      },
      "oauth_client": [
        {
          "client_id": "335909457444-60okctm11nlndtr9p138ctdn0qhhot2v.apps.googleusercontent.com",
          "client_type": 1,
          "android_info": {
            "package_name": "com.example.fast_aidfordrivers",
            "certificate_hash": "c8091123be4c1e2442581e7eb2aa0ae3fad02261"
          }
        },
        {
          "client_id": "335909457444-qv4cbs4gbe3ekm108fqp6vscdo4jaiuj.apps.googleusercontent.com",
          "client_type": 3
        }
      ],
      "api_key": [
        {
          "current_key": "AIzaSyCNlos2g5u6bNmrqLmPhPpd5ZdhH8aBx1A"
        }
      ],
      "services": {
        "appinvite_service": {
          "other_platform_oauth_client": [
            {
              "client_id": "335909457444-qv4cbs4gbe3ekm108fqp6vscdo4jaiuj.apps.googleusercontent.com",
              "client_type": 3
            }
          ]
        }
      }
    }
  ],
  "configuration_version": "1"
}